releaser,releaserUrl,platform
浙江经视新闻,http://v.qq.com/vplus/14a4dae2f8a0f1c41599f137e94888bc#uin=14a4dae2f8a0f1c41599f137e94888bc,腾讯视频
1818黄金眼,http://v.qq.com/vplus/8195168d5cdec82cbcfe344f11a106c5#uin=8195168d5cdec82cbcfe344f11a106c5,腾讯视频
中国蓝TV,http://v.qq.com/vplus/1b4c3d589b9eb98bcea6582c984aec6e#uin=1b4c3d589b9eb98bcea6582c984aec6e,腾讯视频
中国蓝TV,https://www.toutiao.com/c/user/5768061262/#mid=5768061262,toutiao
浙江卫视综艺,https://www.toutiao.com/c/user/58363379363/#mid=1562466769975297,toutiao
浙江6频道,https://www.toutiao.com/c/user/69697029917/#mid=1578950288334861,toutiao
1818黄金眼,https://www.toutiao.com/c/user/59351402622/#mid=1565422203839489,toutiao
经视新闻,https://www.toutiao.com/c/user/6431164107/#mid=6431164107,toutiao
爱看中国蓝,https://www.toutiao.com/c/user/68721103144/#mid=1578233956135949,toutiao
新闻深呼吸,https://www.toutiao.com/c/user/6093972515/#mid=6103199481,toutiao
浙江民生,https://www.toutiao.com/c/user/69948943850/#mid=1579210229702670,toutiao
浙江影视娱乐频道,http://v.qq.com/vplus/ztv5,腾讯视频
浙江电视台《小强实验室》,http://v.qq.com/vplus/autoreport,腾讯视频
浙江卫视,https://www.toutiao.com/c/user/4162059481/#mid=4167051630,toutiao
浙江车行天下,https://www.toutiao.com/c/user/7001968462/#mid=7001915922,toutiao
浙江电视台新发现栏目,http://v.qq.com/vplus/xinfaxianlm,腾讯视频
私家车107城市之声,https://www.toutiao.com/c/user/61621115551/#mid=1569627833237506,toutiao
江苏广电总台,https://id.tudou.com/i/UMzg5MDgwMDQ=/videos?,new_tudou
最强大脑,https://id.tudou.com/i/UMTgzNzgyMTc5Ng==/videos?,new_tudou
蒙面唱将猜猜猜,https://id.tudou.com/i/UNDg4MDkyMjA4OA==/videos?,new_tudou
江苏新闻,http://v.qq.com/vplus/jstvjsxw,腾讯视频
江苏卫视非诚勿扰,https://id.tudou.com/i/UNDg2MTMwMzc1Ng==/videos?,new_tudou
江苏卫视春晚,https://id.tudou.com/i/UMjg4ODAyMzk2NA==/videos?,new_tudou
荔枝新闻,https://id.tudou.com/i/UNDY1Njk1NjUxMg==/videos?,new_tudou
江苏卫视跨年,https://id.tudou.com/i/UMTk3NjA1MDg2MA==/videos?,new_tudou
南京零距离,http://v.qq.com/vplus/aa31d9df3f2bb7e6e370ba49c9e883e0#uin=aa31d9df3f2bb7e6e370ba49c9e883e0,腾讯视频
荔枝新闻,https://www.toutiao.com/c/user/6976474883/#mid=6976379136,toutiao
荔枝新闻,http://v.qq.com/vplus/ad0d7c15b4d33664e370ba49c9e883e0#uin=ad0d7c15b4d33664e370ba49c9e883e0,腾讯视频
柠檬酸奶,http://v.qq.com/vplus/601ad289757c69f628019ebd7c7bd47c#uin=601ad289757c69f628019ebd7c7bd47c,腾讯视频
江苏广电总台教育频道,https://www.toutiao.com/c/user/98011015189/#mid=1600061718180872,toutiao
楼市零距离,https://www.toutiao.com/c/user/61783115140/#mid=1569979274542081,toutiao
江苏新闻,https://www.toutiao.com/c/user/4272574341/#mid=4272574341,toutiao
江苏新闻广播,http://v.qq.com/vplus/118bfc020ddc617bb87401b4530cff9a#uin=118bfc020ddc617bb87401b4530cff9a,腾讯视频
江苏卫视,https://www.toutiao.com/c/user/3701437827/#mid=3701772122,toutiao
江苏直通车,https://www.toutiao.com/c/user/86620887851/#mid=1589907587630094,toutiao
湖南经视,http://v.qq.com/vplus/65586ea58193e745a25e9827b38c171e/videos,腾讯视频
芒果都市,http://v.qq.com/vplus/f6969e939ac77ae83becd2356a3493c4/videos,腾讯视频
芒果都市,https://id.tudou.com/i/UNTUzMTU1ODg2OA==/videos?,new_tudou
金鹰卡通卫视,http://v.qq.com/vplus/2a62b2f16ba397557644623919635a4a/videos,腾讯视频
快乐大本营来了,http://v.qq.com/vplus/eb1f8c8e616a7a9a7fdb7a4974c77e1b/videos,腾讯视频
湖南卫视春晚,https://id.tudou.com/i/UNTQwMzQ1NjgwNA==/videos?,new_tudou
我想和你唱官方,https://id.tudou.com/i/UNDI5Mzg0NTgyNA==/videos?,new_tudou
湖南经视,https://www.toutiao.com/c/user/64883978705/#mid=1574606675960845,toutiao
芒果都市,https://www.toutiao.com/c/user/57373277532/#mid=1561278587009025,toutiao
经视焦点,http://v.qq.com/vplus/687e10ca1a81d7f0a25e9827b38c171e/videos,腾讯视频
湖南卫视平民英雄,https://www.toutiao.com/c/user/80750265608/#mid=1586743303727118,toutiao
向往的生活官方,https://www.toutiao.com/c/user/50777077364/#mid=50816473394,toutiao
湖南卫视跨年晚会,https://id.tudou.com/i/UNTQwMzU5NDQwNA==/videos?,new_tudou
湖南卫视,https://id.tudou.com/i/UNTkzNzM3NjQxMg==/videos?,new_tudou
湖南卫视,http://v.qq.com/vplus/c66b8bd6673973296f356522325b0902/videos,腾讯视频
平民英雄,http://v.qq.com/vplus/e664c6f22bae4760a0b6c87bb849e22c/videos,腾讯视频
湖南卫视,https://www.toutiao.com/c/user/50567737968/#mid=50585212683,toutiao
芒果TV,https://www.toutiao.com/c/user/3242857696/#mid=3242887093,toutiao
金鹰卡通卫视,https://www.toutiao.com/c/user/4212960515/#mid=4273474530,toutiao
湖南娱乐动车时代,https://www.toutiao.com/c/user/55763904842/#mid=1560009690360833,toutiao
爸爸去哪儿,https://id.tudou.com/i/UNDAyNjA3NjUyMA==/videos?,new_tudou
我是大美人,https://www.toutiao.com/c/user/5439527831/#mid=5439527831,toutiao
生机无限节目号,https://www.toutiao.com/c/user/93955137174/#mid=1593805839054856,toutiao
湖南卫视歌手,https://www.toutiao.com/c/user/52729698725/#mid=1553223671016449,toutiao
湖南经视频道,https://id.tudou.com/i/UNDE5ODYxMDMy/videos?,new_tudou
我是大美人,http://v.qq.com/vplus/woshidameiren,腾讯视频
金鹰卡通官方频道,https://id.tudou.com/i/UMzA2Njg1ODI2MA==/videos?,new_tudou
向往的生活,https://id.tudou.com/i/UNDY1NjEwNzQyNA==/videos?,new_tudou
我是大美人,https://id.tudou.com/i/UMTQ2ODkzMTUy/videos?,new_tudou
湖南卫视让世界听见,https://www.toutiao.com/c/user/52656034287/#mid=1553518146059265,toutiao
湖南经视,https://id.tudou.com/i/UNTUyNzM2NzQ0OA==/videos?,new_tudou
妈妈是超人,https://id.tudou.com/i/UNDY1NzQ1NTA0OA==/videos?,new_tudou
阿年少年说,https://www.toutiao.com/c/user/85148058959/#mid=1602143002968071,toutiao
声临其境,https://id.tudou.com/i/UNDk5MTg1NDQ3Mg==/videos?,new_tudou
湖南电影频道官方,https://id.tudou.com/i/UNDYxNzc0NzY5Mg==/videos?,new_tudou
寻情记视频,https://id.tudou.com/i/UNTQwMjQzNzkyNA==/videos?,new_tudou
Hitao越淘越开心,https://id.tudou.com/i/UMzExNjQxODAw/videos?,new_tudou
芒果TV,https://id.tudou.com/i/UNDY1NjU2MjAyNA==/videos?,new_tudou
中国有瑜伽,https://id.tudou.com/i/UNTU1MTU1NzQ4NA==/videos?,new_tudou
湖南卫视中餐厅,https://www.toutiao.com/c/user/65860205302/,toutiao
湖南卫视亲亲我的宝贝,https://id.tudou.com/i/UNTQ1NTY5MzQ4MA==/videos?,new_tudou
湖南国际频道中国符号栏目组,https://id.tudou.com/i/UMzQ0MDkwODczNg==/videos?,new_tudou
湖南卫视亲亲我的宝贝,https://www.toutiao.com/c/user/82095946491/#mid=1587555012470797,toutiao
湖南卫视芒果云,http://v.qq.com/vplus/f95c9de114b14384d3ab2333ed6ab85c/videos,腾讯视频
湖南电视剧频道,http://v.qq.com/vplus/hndsj/videos,腾讯视频
湖南都市世界大不同,https://id.tudou.com/i/UNTUzMTEwMDQxMg==/videos?,new_tudou
湖南卫视芒果云,https://www.toutiao.com/c/user/51479482564/#mid=51479482564,toutiao
童心初演,https://id.tudou.com/i/UNTc2NTA3NTE1Mg==/videos?,new_tudou
向往的生活官方,http://v.qq.com/vplus/2fb98119683597d8d198c58fb86eb4dc/videos,腾讯视频
芒果娱乐急先锋,http://v.qq.com/vplus/58ad962bc18d0181a25e9827b38c171e/videos,腾讯视频
芒果V直播,http://v.qq.com/vplus/3a6dd2a717dd3e2af9bb462829b154a5/videos,腾讯视频
湖南电影小子,https://www.toutiao.com/c/user/57144131141/,toutiao
越淘越开心,https://www.toutiao.com/c/user/50678432504/#mid=50703687001,toutiao
湖南都市传奇,https://www.toutiao.com/c/user/85445713740/#mid=1589291732069379,toutiao
歌手官方,https://id.tudou.com/i/UNTM2ODYyMzYwNA==/videos?,new_tudou
湖北影视,https://www.toutiao.com/c/user/51847294433/#mid=1554194025728001,toutiao
经视直播,https://www.toutiao.com/c/user/101245044004/#mid=1607133188287496,toutiao
经视一锅鲜,https://www.toutiao.com/c/user/102108240072/#mid=1607129953912835,toutiao
湖北生活TV,https://www.toutiao.com/c/user/101245392760/#mid=1607565627379725,toutiao
长江新闻号,https://www.toutiao.com/c/user/5530277471/#mid=5569786377,toutiao
帮女郎在行动,https://www.toutiao.com/c/user/52711422925/#mid=1555037430298625,toutiao
大王小王,https://www.toutiao.com/c/user/58964314234/#mid=1564299954846721,toutiao
湖北卫视大揭秘,https://www.toutiao.com/c/user/56059689504/#mid=1559838246490113,toutiao
调解面对面,https://www.toutiao.com/c/user/59003675760/#mid=1564358224437249,toutiao
调解现场,https://www.toutiao.com/c/user/59004335191/#mid=1564360273841154,toutiao
湖北经视,https://www.toutiao.com/c/user/4060783862/#mid=4060783862,toutiao
湖北经视桃花朵朵开,https://www.toutiao.com/c/user/59012805044/#mid=1564398194751489,toutiao
湖北卫视大王小王,https://www.toutiao.com/c/user/13682083435/#mid=1576393940238349,toutiao
垄上行,https://www.toutiao.com/c/user/4223496221/#mid=4230476072,toutiao
湖北卫视长江新闻号,https://www.toutiao.com/c/user/52447324871/#mid=52447899476,toutiao
小小,http://v.qq.com/vplus/f904441368ddd0d27326054966a046d9/videos,腾讯视频
大王小王湖北卫视,http://v.qq.com/vplus/8ff4db080ac05f676f7512c83666adff/videos,腾讯视频
饮食养生汇,https://www.toutiao.com/c/user/59004375224/#mid=1564359337133057,toutiao
湖北卫视生活帮,https://www.toutiao.com/c/user/67688692539/#mid=1577130537818126,toutiao
调解现场,http://v.qq.com/vplus/35ab38d355c98fb32f1b502b5b52b5d5/videos,腾讯视频
湖北我为喜剧狂,https://www.toutiao.com/c/user/97300635770/#mid=1598172830241805,toutiao
湖北卫视调解面对面,https://www.toutiao.com/c/user/58019533506/#mid=1566452563551234,toutiao
非正式会谈,http://v.qq.com/vplus/d23272ec53ee1d096790f8db904e73a1/videos,腾讯视频
经视欢乐送,https://www.toutiao.com/c/user/59012376429/#mid=1564398673539074,toutiao
问新闻,https://www.toutiao.com/c/user/84313989663/#mid=1588646639024135,toutiao
长江云,https://www.toutiao.com/c/user/4188615746/#mid=4273783271,toutiao
湖北卫视非正式会谈,https://www.toutiao.com/c/user/58874017731/#mid=1566252544143362,toutiao
新闻大摄汇,https://www.toutiao.com/c/user/84318557699/#mid=1588647165897731,toutiao
E天,https://www.toutiao.com/c/user/59021839484/#mid=1564400201766914,toutiao
大揭秘,http://v.qq.com/vplus/fa10198a3c77af29e370ba49c9e883e0/videos,腾讯视频
帮女郎说法,https://www.toutiao.com/c/user/59012786117/#mid=1564382261031937,toutiao
荆楚警界,https://www.toutiao.com/c/user/97301346983/#mid=1598235596448775,toutiao
经视实验室,https://www.toutiao.com/c/user/97300138471/#mid=1598234893754372,toutiao
湖北卫视童声朗朗,https://www.toutiao.com/c/user/97343957731/#mid=1598234472446979,toutiao
湖北卫视《长江新闻号》,http://v.qq.com/vplus/hbtvcjxwh/videos,腾讯视频
湖北调解面对面,http://v.qq.com/vplus/1b4850e3b6a68208cfd603be13eae39a/videos,腾讯视频
笑啦,http://v.qq.com/vplus/hbtvxiaola/videos,腾讯视频
湖北卫视,https://www.toutiao.com/c/user/4333699476/#mid=4333699476,toutiao
湖北新闻,https://www.toutiao.com/c/user/5530224647/#mid=5569765724,toutiao
长江云,http://v.qq.com/vplus/b49e2467a7eacbd29e176928bdb00aa9/videos,腾讯视频
垄上频道,https://www.toutiao.com/c/user/4223404681/#mid=4226815306,toutiao
湖北广电纪录片部,http://v.qq.com/vplus/8569a96268760374e29fcf7d2a3821cf/videos,腾讯视频
湖北卫视剧委会,https://id.tudou.com/i/UNDk5MTc5MjM1Ng==/videos?,new_tudou
湖北卫视,https://id.tudou.com/i/UMjY0MDIyODg=/videos?,new_tudou
湖北卫视非正式会谈,https://id.tudou.com/i/UNDk3MjI0Mzg5Mg==/videos?,new_tudou
湖北卫视天生我财,https://www.toutiao.com/c/user/6309910186/#mid=6393824076,toutiao
湖北卫视大揭秘,https://id.tudou.com/i/UNDk3MDA3OTc0OA==/videos?,new_tudou
荆楚大医生,https://www.toutiao.com/c/user/95497903207/#mid=1596066441906190,toutiao
湖北卫视调解面对面,https://id.tudou.com/i/UNDkyNDU5NjYwNA==/videos?,new_tudou
湖北卫视生活帮,https://id.tudou.com/i/UNDk2NDkzODMxMg==/videos?,new_tudou
垄上寻医问药,https://www.toutiao.com/c/user/53263954449/#mid=1559544397044738,toutiao
湖北卫视大王小王,https://id.tudou.com/i/UNDkxMzczNjc1Mg==/videos?,new_tudou
湖北生活TV,https://id.tudou.com/i/UNTQ3MDUwMTgzNg==/videos?,new_tudou
《经视直播》,https://id.tudou.com/i/UNDk4OTEzNTI0NA==/videos?,new_tudou
帮女郎在行动,https://id.tudou.com/i/UNTg3ODM1OTAzMg==/videos?,new_tudou
湖北卫视非正式课堂,https://id.tudou.com/i/UNTg0ODYyNzU4NA==/videos?,new_tudou
湖北卫视剧委会,https://www.toutiao.com/c/user/68051620800/#mid=1578325803228174,toutiao
湖北卫视非正式课堂R,https://www.toutiao.com/c/user/97661231003/#mid=1598868094906376,toutiao
退休好生活栏目,https://www.toutiao.com/c/user/95701401481/#mid=1595436554330125,toutiao
湖北经视悦读,https://www.toutiao.com/c/user/69326568455/#mid=1578855316076558,toutiao
smgbb新闻,https://id.tudou.com/i/UMzI5NzMwNzE2/videos?,new_tudou
smgbb,https://id.tudou.com/i/UMjAyMDQxOTI=/videos?,new_tudou
SMGBB娱乐,https://id.tudou.com/i/UNjEzNDg2MzI=/videos?,new_tudou
东方卫视欢乐喜剧人,https://id.tudou.com/i/UMzMyNzEwNDkwNA==/videos?,new_tudou
娱乐星天地,https://id.tudou.com/i/UMzcyNTE2OTE2/videos?,new_tudou
财经早班车,https://id.tudou.com/i/UNjEzNDkxMzY=/videos?,new_tudou
金星秀官方,https://id.tudou.com/i/UMzMwODkyMTkwMA==/videos?,new_tudou
看看新闻Knews,https://id.tudou.com/i/UNDcwNjk3NTQ4MA==/videos?,new_tudou
酱紫看综艺,https://id.tudou.com/i/UNDU2NzY0ODk0OA==/videos?,new_tudou
自媒体联播,https://www.toutiao.com/c/user/54653259147/#mid=1558755371279361,toutiao
酱紫娱乐,https://id.tudou.com/i/UNDU2NzgwNTIxMg==/videos?,new_tudou
东方卫视笑傲江湖,https://id.tudou.com/i/UMTQyMDY3MzE4OA==/videos?,new_tudou
smgbb综艺,https://id.tudou.com/i/UMjAyMDQxOTI=/videos?,new_tudou
青春旅社官方,https://id.tudou.com/i/UNDk5ODUxODc0MA==/videos?,new_tudou
东方卫视花样男团,https://id.tudou.com/i/UMzcyNDAyNjAyMA==/videos?,new_tudou
笑声传奇官方,https://id.tudou.com/i/UNDU0NzU0NzQwNA==/videos?,new_tudou
东方卫视,https://id.tudou.com/i/UMjg1MDA3OTI=/videos?,new_tudou
东方看大剧,https://id.tudou.com/i/UNDU2NzgxODMwMA==/videos?,new_tudou
东方卫视春晚官方,https://id.tudou.com/i/UMjg4ODAyNTczMg==/videos?,new_tudou
Gamefy每日游报,https://id.tudou.com/i/UNTc4NTc2ODg4/videos?,new_tudou
东方财经浦东,https://id.tudou.com/i/UMzE2MDgyMzA1Ng==/videos?,new_tudou
酱紫娱乐,http://v.qq.com/vplus/17834b2858bccb12e370ba49c9e883e0#uin=17834b2858bccb12e370ba49c9e883e0,腾讯视频
交叉点看,http://v.qq.com/vplus/3b3f74ac90c97d436790f8db904e73a1#uin=3b3f74ac90c97d436790f8db904e73a1,腾讯视频
上海纪实卫视,http://v.qq.com/vplus/docutv/videos,腾讯视频
极速汽车频道,http://v.qq.com/vplus/max_channel,腾讯视频
第一财经,http://v.qq.com/vplus/yicai/videos,腾讯视频
看看新闻Knews,http://v.qq.com/vplus/859914b1945ca85ff120dc8a37aa61aa#uin=859914b1945ca85ff120dc8a37aa61aa,腾讯视频
BesTV百视通,http://v.qq.com/vplus/19a543224b50a716f893016a79843b0d#uin=19a543224b50a716f893016a79843b0d,腾讯视频
看看新闻,https://www.toutiao.com/c/user/5839829632/#mid=5839829632,toutiao
动感101TV,http://v.qq.com/vplus/shfm1017,腾讯视频
SMG金色频道,http://v.qq.com/vplus/jsjk,腾讯视频
可凡倾听,http://v.qq.com/vplus/d294890c45f6cc49bcfe344f11a106c5#uin=d294890c45f6cc49bcfe344f11a106c5,腾讯视频
五星体育,https://www.toutiao.com/c/user/59555029070/#mid=1566453892346881,toutiao
SMG摄界,http://v.qq.com/vplus/Smgshootworld,腾讯视频
东方财经浦东频道,http://www.toutiao.com/c/user/53586272587/#mid=1560477803318273,toutiao
东方卫视电视剧,http://v.qq.com/vplus/dfws_drama/videos,腾讯视频
酱紫娱乐,https://www.toutiao.com/c/user/52528117850/#mid=52529256609,toutiao
Knews环球交叉点,http://www.toutiao.com/c/user/50590890693/#mid=50592112825,toutiao
东方卫视,http://www.toutiao.com/c/user/4344053306/#mid=4344053306,toutiao
Knews交叉点评,http://www.toutiao.com/c/user/58368304438/#mid=1562470237212674,toutiao
游戏风云GameFY,https://www.toutiao.com/c/user/6646873498/#mid=6646873498,toutiao
动感101TV,http://www.toutiao.com/c/user/5922021767/#mid=5926160250,toutiao
百视通大体育,https://www.toutiao.com/c/user/52691745907/#mid=1553047148858370,toutiao
我爱问老外,http://v.qq.com/vplus/ce9cb1a7efd09d72abe3c6c6aff3832c#uin=ce9cb1a7efd09d72abe3c6c6aff3832c,腾讯视频
百视通育乐园,https://www.toutiao.com/c/user/59467192131/#mid=1568272349748225,toutiao
我爱问老外,https://www.toutiao.com/c/user/52880211002/#mid=1560746726732801,toutiao
话匣子FM,https://www.toutiao.com/c/user/5410612557/#mid=5410680816,toutiao
极限挑战官方,https://id.tudou.com/i/UMzA5ODU3MTE5Ng==/videos?,new_tudou
百视通大娱乐,https://www.toutiao.com/c/user/52691925932/#mid=1553047696827393,toutiao
幻乐之城,https://www.toutiao.com/c/user/101423954924/#mid=1606384347134990,toutiao
湖南卫视我是未来,https://www.toutiao.com/c/user/61874471319/#mid=1572706741498894,toutiao
湖南卫视我家那小子,https://www.toutiao.com/c/user/101116740909/#mid=1604940640157700,toutiao
哥哥别闹啦,https://www.toutiao.com/c/user/102423880644/#mid=1608023986885639,toutiao
我是未来,http://v.qq.com/vplus/676b77422d42f175fe847780cf9eac06/videos,腾讯视频
湖南卫视我是未来,https://id.tudou.com/i/UNDcxMjAwMzQ2MA==/videos?,new_tudou
新舞林大会,https://www.toutiao.com/c/user/100722869191/#mid=1604953152304141,toutiao
新舞林大会,https://id.tudou.com/i/UNTkyMzA4MTczNg==/videos?,new_tudou
东方卫视相声有新人,https://id.tudou.com/i/UNjA2MTMyODgzNg==/videos?,new_tudou
青春同学会,https://id.tudou.com/i/UNTkwMjE2NjgxMg==/videos?,new_tudou
经视看地产,https://www.toutiao.com/c/user/96950275990/#mid=1597874897914888,toutiao
你好生活家,https://www.toutiao.com/c/user/72740528617/#mid=1581772412084238,toutiao
熟悉的味道第三季,https://www.toutiao.com/c/user/97238353297/#mid=1598054677850115,toutiao
范大姐帮忙,http://v.qq.com/vplus/20119644f3298c406f356522325b0902/videos,腾讯视频
经视养生会,http://v.qq.com/vplus/jsysh/videos,腾讯视频
经视看地产,http://v.qq.com/vplus/jskdc/videos,腾讯视频
《这！就是灌篮》,https://id.tudou.com/i/UMzY0NjYxMTk4NA==/videos?,new_tudou
浙江经视看地产,https://id.tudou.com/i/UMTQzMDk1MTIwNA==/videos?,new_tudou
高能少年团节目组官方,https://id.tudou.com/i/UNTg2MjQzMzI0OA==/videos?,new_tudou
王牌对王牌官方,https://id.tudou.com/i/UMzI5NDYwMjU3Mg==/videos?,new_tudou
湖北垄上,https://id.tudou.com/i/UNjA5ODI5NTY4MA==/videos?,new_tudou
2013湖北卫视,https://id.tudou.com/i/UNjIxNDQ2Mjg4/videos?,new_tudou
湖北卫视春晚,https://id.tudou.com/i/UMjg4ODExNjQwOA==/videos?spm=a2hzp.8244740.0.0,new_tudou
湖北卫视我为喜剧狂,https://id.tudou.com/i/UNDk5NDM2MzM4OA==/videos?,new_tudou
